{
    "0": {
        "precision": 0.8742858309488437,
        "recall": 0.9983125495385962,
        "f1-score": 0.9321918955123912,
        "support": 557646.0
    },
    "1": {
        "precision": 0.9980335939883562,
        "recall": 0.8564519426302708,
        "f1-score": 0.9218382063417309,
        "support": 557646.0
    },
    "accuracy": 0.9273822460844335,
    "macro avg": {
        "precision": 0.9361597124686,
        "recall": 0.9273822460844334,
        "f1-score": 0.927015050927061,
        "support": 1115292.0
    },
    "weighted avg": {
        "precision": 0.9361597124686,
        "recall": 0.9273822460844335,
        "f1-score": 0.927015050927061,
        "support": 1115292.0
    }
}