{
    "0": {
        "precision": 0.9428871522400387,
        "recall": 0.8515922287616158,
        "f1-score": 0.8949173559169997,
        "support": 557646.0
    },
    "1": {
        "precision": 0.864693283630894,
        "recall": 0.9484170961506045,
        "f1-score": 0.9046221369280056,
        "support": 557646.0
    },
    "accuracy": 0.9000046624561101,
    "macro avg": {
        "precision": 0.9037902179354664,
        "recall": 0.9000046624561102,
        "f1-score": 0.8997697464225027,
        "support": 1115292.0
    },
    "weighted avg": {
        "precision": 0.9037902179354664,
        "recall": 0.9000046624561101,
        "f1-score": 0.8997697464225026,
        "support": 1115292.0
    }
}