{
    "0": {
        "precision": 0.993767782143341,
        "recall": 0.9602059370998806,
        "f1-score": 0.9766986271260485,
        "support": 557646.0
    },
    "1": {
        "precision": 0.9615059698618683,
        "recall": 0.9939782586085079,
        "f1-score": 0.9774725008266285,
        "support": 557646.0
    },
    "accuracy": 0.9770920978541943,
    "macro avg": {
        "precision": 0.9776368760026046,
        "recall": 0.9770920978541942,
        "f1-score": 0.9770855639763385,
        "support": 1115292.0
    },
    "weighted avg": {
        "precision": 0.9776368760026047,
        "recall": 0.9770920978541943,
        "f1-score": 0.9770855639763385,
        "support": 1115292.0
    }
}