{
    "0": {
        "precision": 0.9734818365315644,
        "recall": 0.3139446889245148,
        "f1-score": 0.4747757581510132,
        "support": 557646.0
    },
    "1": {
        "precision": 0.5910259521322825,
        "recall": 0.9914479795425772,
        "f1-score": 0.740576478853713,
        "support": 557646.0
    },
    "accuracy": 0.652696334233546,
    "macro avg": {
        "precision": 0.7822538943319235,
        "recall": 0.652696334233546,
        "f1-score": 0.6076761185023631,
        "support": 1115292.0
    },
    "weighted avg": {
        "precision": 0.7822538943319235,
        "recall": 0.652696334233546,
        "f1-score": 0.607676118502363,
        "support": 1115292.0
    }
}