{
    "0": {
        "precision": 0.993940253593654,
        "recall": 0.9927068426923173,
        "f1-score": 0.9933231652610802,
        "support": 557646.0
    },
    "1": {
        "precision": 0.9927158817777045,
        "recall": 0.9939477733185569,
        "f1-score": 0.9933314456121235,
        "support": 557646.0
    },
    "accuracy": 0.9933273080054371,
    "macro avg": {
        "precision": 0.9933280676856793,
        "recall": 0.9933273080054371,
        "f1-score": 0.9933273054366019,
        "support": 1115292.0
    },
    "weighted avg": {
        "precision": 0.9933280676856793,
        "recall": 0.9933273080054371,
        "f1-score": 0.9933273054366017,
        "support": 1115292.0
    }
}