{
    "0": {
        "precision": 0.9829643034845834,
        "recall": 0.8785735036205765,
        "f1-score": 0.9278419044192147,
        "support": 557646.0
    },
    "1": {
        "precision": 0.8902309732390074,
        "recall": 0.9847734942956643,
        "f1-score": 0.9351186959031565,
        "support": 557646.0
    },
    "accuracy": 0.9316734989581203,
    "macro avg": {
        "precision": 0.9365976383617953,
        "recall": 0.9316734989581203,
        "f1-score": 0.9314803001611855,
        "support": 1115292.0
    },
    "weighted avg": {
        "precision": 0.9365976383617953,
        "recall": 0.9316734989581203,
        "f1-score": 0.9314803001611855,
        "support": 1115292.0
    }
}